CAEC,proportion
Sometimes,83.60966366650877
Frequently,11.463761250592135
Always,2.510658455708195
no,2.4159166271909047
