CALC,proportion
Sometimes,66.36665087636192
no,30.270014211274276
Frequently,3.3159639981051634
Always,0.047370914258645196
