FAVC,proportion
yes,88.39412600663192
no,11.605873993368073
