Gender,proportion
Male,50.59213642823307
Female,49.40786357176694
