MTRANS,proportion
Public_Transportation,74.8460445286594
Automobile,21.64850781620085
Walking,2.652771198484131
Motorbike,0.5210800568450971
Bike,0.33159639981051636
