SCC,proportion
no,95.45239223117005
yes,4.547607768829939
