SMOKE,proportion
no,97.91567977261961
yes,2.0843202273803882
